{
    "spider":"clan://TVBox/jar/0902.jar",
    "sites":[
        {
            "key":"江湖官采",
            "name":"江湖官采",
            "type":1,
            "api":"http://119.29.1.173/api.php/provide/vod/",
            "searchable":1,
            "quickSearch":1
        },
        {
            "key":"酷云七七",
            "name":"酷云七七",
            "type":3,
            "api":"csp_Kunyu77",
            "searchable":1,
            "quickSearch":1,
            "filterable":1
        },
        {
            "key":"快看资源",
            "name":"快看资源",
            "type":3,
            "api":"csp_Kuaikan",
            "searchable":1,
            "quickSearch":1,
            "filterable":1
        },
        {
            "key":"厂长资源",
            "name":"厂长资源",
            "type":3,
            "api":"csp_Czsapp",
            "searchable":1,
            "quickSearch":1,
            "filterable":0
        },
        {
            "key":"量子资源",
            "name":"量子资源",
            "type":1,
            "api":"http://cj.lziapi.com/api.php/provide/vod/",
            "playUrl":"",
            "searchable":1,
            "quickSearch":1
        },
        {
            "key":"飘花资源",
            "name":"飘花资源",
            "type":1,
            "api":"http://www.zzrhgg.com/api.php/provide/vod/",
            "playUrl":"",
            "searchable":1,
            "quickSearch":1
        },
        {
            "key":"555电影",
            "name":"555电影",
            "type":3,
            "api":"csp_Dy555",
            "searchable":1,
            "quickSearch":1,
            "filterable":1
        },
        {
            "key":"剧白白",
            "name":"剧白白(XP)",
            "type":3,
            "api":"csp_XPathMacFilter",
            "searchable":1,
            "quickSearch":1,
            "filterable":1,
            "ext":"clan://TVBox/ext/jubaibai.json"
        },
        {
            "key":"LIBVIO",
            "name":"LIBVIO(XP)",
            "type":3,
            "api":"csp_XPathFilter",
            "searchable":1,
            "quickSearch":1,
            "filterable":1,
            "ext":"clan://TVBox/ext/lib.json"
        },
        {
            "key":"789看片",
            "name":"789看片(XP)",
            "type":3,
            "api":"csp_XPathMacFilter",
            "searchable":1,
            "quickSearch":1,
            "filterable":1,
            "ext":"clan://TVBox/ext/789kp.json"
        },
        {
            "key":"在线之家",
            "name":"在线之家(XP)",
            "type":3,
            "api":"csp_XPath",
            "searchable":1,
            "quickSearch":1,
            "filterable":1,
            "ext":"clan://TVBox/ext/zxzj.json"
        },
        {
            "key":"完美看看",
            "name":"完美看看(XP)",
            "type":3,
            "api":"csp_XPathMacFilter",
            "searchable":1,
            "quickSearch":1,
            "filterable":1,
            "ext":"clan://TVBox/ext/wmkankan.json"
        },
        {
            "key":"蓝光影院",
            "name":"蓝光影院(XP)",
            "type":3,
            "api":"csp_XPathFilter",
            "searchable":1,
            "quickSearch":1,
            "filterable":1,
            "ext":"clan://TVBox/ext/lgyy.json"
        },
        {
            "key":"影视之光",
            "name":"影视之光(XB)",
            "type":3,
            "api":"csp_XBiubiu",
            "searchable":1,
            "quickSearch":1,
            "filterable":0,
            "ext":"clan://TVBox/ext/yszg.json"
        },
        {
            "key":"影视工厂",
            "name":"影视工厂(XB)",
            "type":3,
            "api":"csp_XBiubiu",
            "searchable":1,
            "quickSearch":1,
            "filterable":0,
            "ext":"clan://TVBox/ext/ysgc.json"
        },
        {
            "key":"VOFLIX",
            "name":"VOFLIX(XB)",
            "type":3,
            "api":"csp_XBiubiu",
            "searchable":1,
            "quickSearch":1,
            "filterable":1,
            "ext":"clan://TVBox/ext/voflix.json"
        },
        {
            "key":"动漫巴士",
            "name":"动漫巴士(XP)",
            "type":3,
            "api":"csp_XPath",
            "searchable":1,
            "quickSearch":1,
            "filterable":0,
            "ext":"clan://TVBox/ext/dm84.json"
        },
        {
            "key":"看视界",
            "name":"看视界(KanSJ)",
            "type":3,
            "api":"csp_KanSJ",
            "searchable":1,
            "quickSearch":1,
            "filterable":1
        },
        {
            "key":"LiteApple",
            "name":"小苹果(LiteApple)",
            "type":3,
            "api":"csp_LiteApple",
            "searchable":1,
            "quickSearch":1,
            "filterable":1
        },
        {
            "key":"哔哩哔哩",
            "name":"哔哩哔哩(Bili)",
            "type":3,
            "api":"csp_Bili",
            "searchable":1,
            "quickSearch":1,
            "filterable":1,
            "ext":"clan://TVBox/ext/Bili.json"
        },
        {
            "key":"相声小品",
            "name":"相声小品(Bili)",
            "type":3,
            "api":"csp_Bili",
            "searchable":0,
            "quickSearch":0,
            "filterable":1,
            "ext":"clan://TVBox/ext/Bili_xs.json"
        },
        {
            "key":"国粹戏曲",
            "name":"国粹戏曲(Bili)",
            "type":3,
            "api":"csp_Bili",
            "searchable":0,
            "quickSearch":0,
            "filterable":1,
            "ext":"clan://TVBox/ext/Bili_xq.json"
        },
        {
            "key":"女团热舞",
            "name":"女团热舞(Bili)",
            "type":3,
            "api":"csp_Bili",
            "searchable":0,
            "quickSearch":0,
            "filterable":1,
            "ext":"clan://TVBox/ext/Bili_rw.json"
        },
        {
            "key":"歌曲MV",
            "name":"歌曲MV(Bili)",
            "type":3,
            "api":"csp_Bili",
            "searchable":0,
            "quickSearch":0,
            "filterable":1,
            "ext":"clan://TVBox/ext/Bili_gq.json"
        },
        {
            "key":"T4",
            "name":"开始观看(T4)",
            "type":4,
            "api":"https://t4.secan.icu/vod?sites=all&ali_token=8f0b3f0dc1834f309f077ea5549e99a8&timeout=5",
            "searchable":1,
            "quickSearch":1,
            "filterable":1
        },
        {
            "key":"Gitcafe",
            "name":"小纸条(云盘)",
            "type":3,
            "api":"csp_Gitcafe",
            "searchable":1,
            "quickSearch":1,
            "filterable":1,
            "ext":"8f0b3f0dc1834f309f077ea5549e99a8"
        },
        {
            "key":"猫狸盘搜",
            "name":"猫狸盘搜(云盘)",
            "type":3,
            "api":" csp_AliPS",
            "searchable":1,
            "quickSearch":1,
            "filterable":1,
            "ext":"8f0b3f0dc1834f309f077ea5549e99a8"
        }
    ],
    "lives":[
        {
            "group":"redirect",
            "channels":[
                {
                    "name":"redirect",
                    "urls":[
                        "proxy://do=live&type=txt&ext=aHR0cDovL2YuY3lhby50ay9tYW9saXZlLnR4dA=="
                    ]
                }
            ]
        }
    ],
    "parses":[
        {
            "name":"Json并发",
            "type":2,
            "url":"Parallel"
        },
        {
            "name":"Json轮询",
            "type":2,
            "url":"Sequence"
        },
        {
            "name":"gotka",
            "type":1,
            "url":"http://newjiexi.gotka.top/keyu3.php?url=",
            "ext":{
                "header":{
                    "User-Agent":"okhttp/4.1.0"
                }
            }
        },
        {
            "name":"jhjson",
            "type":1,
            "url":"http://211.99.99.236:4567/jhjson/ceshi.php?url="
        },
        {
            "name":"nxflv",
            "type":0,
            "url":"https://www.nxflv.com/?url="
        },
        {
            "name":"m2090",
            "type":0,
            "url":"https://m2090.com/?url="
        },
        {
            "name":"okjx",
            "type":0,
            "url":"https://okjx.cc/?url="
        }
    ],
    "flags":[
        "youku",
        "qq",
        "iqiyi",
        "qiyi",
        "letv",
        "sohu",
        "tudou",
        "pptv",
        "mgtv",
        "wasu",
        "bilibili"
    ],
    "ijk":[
        {
            "group":"硬解码",
            "options":[
                {
                    "category":4,
                    "name":"opensles",
                    "value":"0"
                },
                {
                    "category":4,
                    "name":"overlay-format",
                    "value":"842225234"
                },
                {
                    "category":4,
                    "name":"framedrop",
                    "value":"1"
                },
                {
                    "category":4,
                    "name":"soundtouch",
                    "value":"1"
                },
                {
                    "category":4,
                    "name":"start-on-prepared",
                    "value":"1"
                },
                {
                    "category":1,
                    "name":"http-detect-range-support",
                    "value":"0"
                },
                {
                    "category":1,
                    "name":"fflags",
                    "value":"fastseek"
                },
                {
                    "category":2,
                    "name":"skip_loop_filter",
                    "value":"48"
                },
                {
                    "category":4,
                    "name":"reconnect",
                    "value":"1"
                },
                {
                    "category":4,
                    "name":"max-buffer-size",
                    "value":"5242880"
                },
                {
                    "category":4,
                    "name":"enable-accurate-seek",
                    "value":"0"
                },
                {
                    "category":4,
                    "name":"mediacodec",
                    "value":"1"
                },
                {
                    "category":4,
                    "name":"mediacodec-auto-rotate",
                    "value":"1"
                },
                {
                    "category":4,
                    "name":"mediacodec-handle-resolution-change",
                    "value":"1"
                },
                {
                    "category":4,
                    "name":"mediacodec-hevc",
                    "value":"1"
                }
            ]
        },
        {
            "group":"软解码",
            "options":[
                {
                    "category":4,
                    "name":"opensles",
                    "value":"0"
                },
                {
                    "category":4,
                    "name":"overlay-format",
                    "value":"842225234"
                },
                {
                    "category":4,
                    "name":"framedrop",
                    "value":"1"
                },
                {
                    "category":4,
                    "name":"soundtouch",
                    "value":"1"
                },
                {
                    "category":4,
                    "name":"start-on-prepared",
                    "value":"1"
                },
                {
                    "category":1,
                    "name":"http-detect-range-support",
                    "value":"0"
                },
                {
                    "category":1,
                    "name":"fflags",
                    "value":"fastseek"
                },
                {
                    "category":2,
                    "name":"skip_loop_filter",
                    "value":"48"
                },
                {
                    "category":4,
                    "name":"reconnect",
                    "value":"1"
                },
                {
                    "category":4,
                    "name":"max-buffer-size",
                    "value":"5242880"
                },
                {
                    "category":4,
                    "name":"enable-accurate-seek",
                    "value":"0"
                },
                {
                    "category":4,
                    "name":"mediacodec",
                    "value":"0"
                },
                {
                    "category":4,
                    "name":"mediacodec-auto-rotate",
                    "value":"0"
                },
                {
                    "category":4,
                    "name":"mediacodec-handle-resolution-change",
                    "value":"0"
                },
                {
                    "category":4,
                    "name":"mediacodec-hevc",
                    "value":"0"
                }
            ]
        }
    ],
    "ads":[
        "mimg.0c1q0l.cn",
        "www.googletagmanager.com",
        "www.google-analytics.com",
        "mc.usihnbcq.cn",
        "mg.g1mm3d.cn",
        "mscs.svaeuzh.cn",
        "cnzz.hhttm.top",
        "tp.vinuxhome.com",
        "cnzz.mmstat.com",
        "www.baihuillq.com",
        "s23.cnzz.com",
        "z3.cnzz.com",
        "c.cnzz.com",
        "stj.v1vo.top",
        "z12.cnzz.com",
        "img.mosflower.cn",
        "tips.gamevvip.com",
        "ehwe.yhdtns.com",
        "xdn.cqqc3.com",
        "www.jixunkyy.cn",
        "sp.chemacid.cn",
        "hm.baidu.com",
        "s9.cnzz.com",
        "z6.cnzz.com",
        "um.cavuc.com",
        "mav.mavuz.com",
        "wofwk.aoidf3.com",
        "z5.cnzz.com",
        "xc.hubeijieshikj.cn",
        "tj.tianwenhu.com",
        "xg.gars57.cn",
        "k.jinxiuzhilv.com",
        "cdn.bootcss.com",
        "ppl.xunzhuo123.com",
        "xomk.jiangjunmh.top",
        "img.xunzhuo123.com",
        "z1.cnzz.com",
        "s13.cnzz.com",
        "xg.huataisangao.cn",
        "z7.cnzz.com",
        "xg.huataisangao.cn",
        "z2.cnzz.com",
        "s96.cnzz.com",
        "q11.cnzz.com",
        "thy.dacedsfa.cn",
        "xg.whsbpw.cn",
        "s19.cnzz.com",
        "z8.cnzz.com",
        "s4.cnzz.com",
        "f5w.as12df.top",
        "ae01.alicdn.com",
        "www.92424.cn",
        "k.wudejia.com",
        "vivovip.mmszxc.top",
        "qiu.xixiqiu.com",
        "cdnjs.hnfenxun.com",
        "cms.qdwght.com"
    ]
}